6815;Bread
6820;Vegetables
6833;Bread
6900;Quick and Easy
6984;Fruit
7011;Chinese
7040;Bread
7146;Bread
7177;Desserts
7402;Desserts
7915;Vegetarian
8350;Holiday Specials
8372;Desserts
8493;Mushroom
8525;Mediterranean
8536;Chinese
8628;Noodles
8652;Vegetables
8665;Healthy
8701;Vegetables
8720;BBQ
8778;Mushroom
8796;Mushroom
8847;Quick and Easy
8887;Mushroom
8919;Chinese
8941;Meat
8944;Family
8945;Family
8974;Family
8990;Pizza
9188;Desserts
9214;Holiday Specials
9247;Breakfast
9454;Desserts
9471;Desserts
9615;Vegetarian
9684;Chinese
9870;Holiday Specials
10033;Holiday Specials
10222;Desserts
10275;Desserts
10402;Desserts
10549;Desserts
11314;Desserts
11646;Holiday Specials
11679;Pasta
11688;Pasta
11689;Mushroom
11704;Family
11729;Pasta
11758;Pasta
11780;Family
11786;Mushroom
11798;Seafood
11805;Vegetarian
11808;Seafood
11815;Pasta
11835;Thai
11836;Pasta
11864;Noodles
11925;Noodles
11959;Italian
12072;Mediterranean
12142;Desserts
12377;Desserts
12409;Desserts
12682;Desserts
12715;Italian
12720;Holiday Specials
12745;Latin American
12816;Italian
12839;Seafood
12918;Italian
12922;Soup
12942;Beans
12965;Vegan
12974;Vegetables
12991;Vegan
13024;Soup
13045;Soup
13161;Thai
13183;Italian
13206;Healthy
13218;Soup
13238;Mediterranean
13287;Mediterranean
13316;Soup
13333;Soup
13434;Italian
13436;Soup
13571;Mushroom
13827;Bread
13829;Italian
13839;Vegetarian
13896;Vegetarian
13924;Salads
13933;Fruit
13941;Burgers
13954;Beans
13978;Beans
14008;Noodles
14041;Latin American
14087;Noodles
14132;Beans
14169;Beans
14228;Salads
14231;Fruit
14252;Chinese
14285;Noodles
14297;Vegan
14319;Chinese
14354;Salads
14403;Mediterranean
14469;Vegetables
14565;Bread
14571;Burgers
14580;BBQ
14595;Meat
14692;Fruit
14746;Mushroom
14759;Chinese
14830;Beans
14873;Pizza
14930;Vegetarian
14985;Beans
15006;Mediterranean
15057;Breakfast
15184;Mushroom
15206;Fruit
15747;Fruit
15821;Desserts
15840;Latin American
15880;Desserts
15925;Holiday Specials
16066;Meat
16135;Salads
16160;Family
16189;Meat
16348;Meat
16352;Pasta
16383;Breakfast
16414;Noodles
16526;Mediterranean
16641;Vegetarian
16659;Salads
16664;Breakfast
16678;Beans
16699;BBQ
16700;Quick and Easy
16707;Meat
16715;Vegetarian
16729;Salads
16881;Latin American
16895;Breakfast
16947;Bread
16954;Chinese
16964;Seafood
16995;Meat
17027;Beans
17036;Breakfast
17048;Seafood
17066;Fruit
17122;Latin American
17167;Mediterranean
17219;Noodles
17303;Quick and Easy
17325;BBQ
17445;BBQ
17481;Desserts
17531;BBQ
17628;Soup
17646;Italian
17690;Bread
17702;Pasta
17891;Bread
17897;Mushroom
17918;Bread
17952;Latin American
17971;Vegan
17981;Desserts
18008;Burgers
18031;Pasta
18074;Latin American
18448;Mushroom
18775;Meat
18781;Noodles
18832;Vegetables
18874;Mushroom
19306;Noodles
19368;Pasta
19591;Quick and Easy
19673;Latin American
19766;Beans
19770;Vegan
20082;Pasta
20096;Breakfast
20175;Bread
20334;Breakfast
20539;Thai
20669;Vegetables
20680;Quick and Easy
20704;Mushroom
20876;Breakfast
20934;Breakfast
21019;Vegetarian
21176;Seafood
21190;Vegetarian
21261;Vegetarian
21398;Desserts
21412;Desserts
21461;Bread
21551;Breakfast
21694;Quick and Easy
22302;Beans
22460;Chinese
22724;Desserts
23081;Vegetarian
23134;Italian
23600;Pasta
23702;Pizza
23735;Pizza
23806;Bread
23852;Soup
23874;Latin American
23979;Seafood
24002;Quick and Easy
24059;Desserts
24174;Mushroom
24209;Latin American
24264;Holiday Specials
24272;Bread
24329;Latin American
24507;Seafood
24517;Bread
24530;Breakfast
24685;Burgers
24700;Vegan
24712;Vegan
24720;Vegan
25112;Vegetables
25160;Salads
25203;Meat
25303;Pasta
25307;Mediterranean
25312;Vegan
25321;Vegetables
25371;Latin American
25445;BBQ
25482;Thai
25483;Mushroom
25490;Family
25502;Latin American
25665;Soup
25690;Italian
25708;Soup
25920;Healthy
25922;Salads
26254;Pasta
26257;Vegetables
26460;Noodles
26592;Burgers
26692;Fruit
26740;Vegetarian
26921;Mediterranean
27072;Latin American
27739;Thai
30522;Healthy
31144;Meat
31972;Meat
34384;Meat
34591;Indian
34613;Fruit
34615;Salads
34638;Seafood
35200;BBQ
35753;BBQ
36766;Latin American
39455;BBQ
39748;Burgers
43719;Seafood
44742;Meat
44868;Vegetables
45160;Meat
45515;Chinese
45736;Indian
45784;Mushroom
45833;Healthy
45921;Bread
46028;Vegan
46250;Vegetables
46922;Italian
47015;Noodles
47613;Vegan
49350;Chinese
49404;Burgers
49552;Healthy
50054;Meat
50644;Seafood
50849;Family
50931;Meat
51283;Healthy
51301;Fruit
51535;Desserts
53546;Meat
53729;Latin American
54342;Quick and Easy
54675;Vegetables
56927;Meat
57319;Italian
58112;Mushroom
58868;Seafood
60111;Seafood
60598;Indian
60708;Mushroom
60923;Mushroom
61913;Chinese
63113;Beans
64513;BBQ
65104;Vegetarian
65691;Holiday Specials
67937;Fruit
67952;Vegetables
68461;Holiday Specials
68532;Thai
68679;Soup
70163;Seafood
70312;Beans
70343;Vegetables
71600;Mediterranean
72508;Vegan
74657;Bread
75290;Burgers
75821;Burgers
75861;Healthy
76512;Thai
76594;Holiday Specials
76659;Family
76693;Mediterranean
76702;Vegetables
76808;Quick and Easy
77155;Meat
77156;Family
77408;Chinese
77836;Soup
78007;Beans
78023;Italian
78052;Vegetarian
78299;Meat
78370;Quick and Easy
79470;Bread
80652;Meat
80969;Beans
81568;Noodles
82575;Vegan
82817;Seafood
83412;Family
83653;Mediterranean
84043;Vegan
84109;Family
86005;Thai
86069;Noodles
86229;Salads
86230;Chinese
86587;Breakfast
87076;BBQ
87624;Italian
87845;Mushroom
88108;Mushroom
88354;Fruit
88768;Vegan
89195;Vegetarian
89261;Fruit
89539;Soup
89606;Burgers
90321;Italian
90500;Vegetables
93234;Chinese
100195;Seafood
102133;Desserts
104850;Latin American
104947;Vegan
106030;Meat
110061;Salads
111515;Vegan
114442;Meat
127491;Desserts
133128;Mushroom
137650;Mediterranean
139012;Vegetables
139620;Mediterranean
140829;Mushroom
141678;Holiday Specials
143082;Meat
143403;Breakfast
143667;Desserts
146035;Thai
148060;Meat
148326;Salads
150313;Thai
153789;Desserts
157642;Bread
158891;Noodles
162760;Holiday Specials
163047;Mediterranean
165190;Vegan
165350;Italian
166202;Meat
166622;Salads
166771;Seafood
168579;Noodles
169305;Desserts
172704;Family
174360;Meat
175989;Mushroom
176957;Healthy
180118;Soup
180879;Noodles
180977;Holiday Specials
183947;Mediterranean
189352;Beans
190100;Noodles
191156;Chinese
195083;Chinese
201849;Chinese
201964;Chinese
205540;Mediterranean
212366;Beans
212486;Holiday Specials
213668;Meat
214500;Italian
214651;Bread
214947;Salads
215329;Fruit
215506;Vegetables
217051;Salads
217266;Salads
218876;Breakfast
218929;Breakfast
219005;Meat
219164;Quick and Easy
219166;Pasta
220115;Beans
220127;Soup
220190;Pizza
220560;Indian
220751;Italian
220825;Fruit
220854;Italian
222241;Salads
223406;Fruit
228040;Vegetables
228118;Holiday Specials
228526;Salads
228823;Family
229242;Chinese
229424;Desserts
229566;Family
230132;Holiday Specials
230159;Holiday Specials
232032;Pizza
232210;Vegan
233294;Meat
233295;Vegetables
234621;Meat
235259;Vegan
235566;Meat
235756;Latin American
235997;Family
236208;Pizza
236642;Pizza
237498;Soup
237637;Seafood
237813;Pizza
238844;Meat
239051;Latin American
239055;BBQ
239088;Healthy
240400;Quick and Easy
240954;Pasta
241251;Breakfast
241426;Mediterranean
241443;Healthy
244205;BBQ
244267;Pizza
245131;Indian
245208;Vegetarian
245362;Vegetarian
245442;Breakfast
245774;Pasta
246179;Indian
246198;Family
246274;Quick and Easy
246292;BBQ
246498;Salads
246569;Family
246835;Family
246949;Healthy
247154;Pasta
247204;Indian
247275;BBQ
247285;Quick and Easy
253161;Quick and Easy
254417;Meat
254447;Healthy
254694;Healthy
254978;Healthy
255462;Quick and Easy
255660;Meat
256599;Indian
256728;Vegetarian
256891;Quick and Easy
257363;BBQ
257568;BBQ
257695;Vegetarian
258099;Breakfast
258207;BBQ
259870;Mediterranean
347465;Seafood
657882;Family
